"reservation_id","user_id","room_id","time_stamp","start_time","end_time"
39,32,505,"2025-02-02 11:52:51.613851","2025-02-02 10:00:00","2025-02-02 12:00:00"
1,1,101,"2025-02-02 10:51:07.845872","2025-02-03 09:00:00","2025-02-03 11:00:00"
2,2,102,"2025-02-02 10:51:07.845872","2025-02-03 14:00:00","2025-02-03 16:00:00"
3,5,103,"2025-02-02 10:51:07.845872","2025-02-04 10:00:00","2025-02-04 12:00:00"
4,6,104,"2025-02-02 10:51:07.845872","2025-02-04 13:30:00","2025-02-04 15:30:00"
5,7,105,"2025-02-02 10:51:07.845872","2025-02-05 08:00:00","2025-02-05 10:00:00"
6,8,106,"2025-02-02 10:51:07.845872","2025-02-05 11:00:00","2025-02-05 13:00:00"
7,9,107,"2025-02-02 10:51:07.845872","2025-02-06 15:00:00","2025-02-06 17:00:00"
8,10,201,"2025-02-02 10:51:07.845872","2025-02-07 09:30:00","2025-02-07 11:30:00"
9,11,202,"2025-02-02 10:51:07.845872","2025-02-07 14:30:00","2025-02-07 16:30:00"
10,12,203,"2025-02-02 10:51:07.845872","2025-02-08 10:00:00","2025-02-08 12:00:00"
11,13,204,"2025-02-02 10:51:07.845872","2025-02-08 13:00:00","2025-02-08 15:00:00"
12,14,205,"2025-02-02 10:51:07.845872","2025-02-09 08:30:00","2025-02-09 10:30:00"
13,15,206,"2025-02-02 10:51:07.845872","2025-02-09 11:30:00","2025-02-09 13:30:00"
15,17,302,"2025-02-02 10:51:07.845872","2025-02-10 09:00:00","2025-02-10 11:00:00"
14,16,301,"2025-02-02 10:51:07.845872","2025-02-10 14:00:00","2025-02-10 16:00:00"
16,18,303,"2025-02-02 10:51:07.845872","2025-02-11 10:30:00","2025-02-11 12:30:00"
17,19,304,"2025-02-02 10:51:07.845872","2025-02-11 13:30:00","2025-02-11 15:30:00"
18,20,305,"2025-02-02 10:51:07.845872","2025-02-12 08:00:00","2025-02-12 10:00:00"
19,21,306,"2025-02-02 10:51:07.845872","2025-02-12 11:00:00","2025-02-12 13:00:00"
20,22,401,"2025-02-02 10:51:07.845872","2025-02-13 15:00:00","2025-02-13 17:00:00"
21,23,402,"2025-02-02 10:51:07.845872","2025-02-14 09:30:00","2025-02-14 11:30:00"
22,24,403,"2025-02-02 10:51:07.845872","2025-02-14 14:30:00","2025-02-14 16:30:00"
23,25,404,"2025-02-02 10:51:07.845872","2025-02-15 10:00:00","2025-02-15 12:00:00"
24,26,405,"2025-02-02 10:51:07.845872","2025-02-15 13:00:00","2025-02-15 15:00:00"
25,27,406,"2025-02-02 10:51:07.845872","2025-02-16 08:30:00","2025-02-16 10:30:00"
26,28,501,"2025-02-02 10:51:07.845872","2025-02-16 11:30:00","2025-02-16 13:30:00"
28,30,503,"2025-02-02 10:51:07.845872","2025-02-17 09:00:00","2025-02-17 11:00:00"
27,29,502,"2025-02-02 10:51:07.845872","2025-02-17 14:00:00","2025-02-17 16:00:00"
